/*
SQLyog Ultimate v10.00 Beta1
MySQL - 5.5.27 : Database - db_test
*********************************************************************
*/

/*!40101 SET NAMES utf8 */;

/*!40101 SET SQL_MODE=''*/;

/*!40014 SET @OLD_UNIQUE_CHECKS=@@UNIQUE_CHECKS, UNIQUE_CHECKS=0 */;
/*!40014 SET @OLD_FOREIGN_KEY_CHECKS=@@FOREIGN_KEY_CHECKS, FOREIGN_KEY_CHECKS=0 */;
/*!40101 SET @OLD_SQL_MODE=@@SQL_MODE, SQL_MODE='NO_AUTO_VALUE_ON_ZERO' */;
/*!40111 SET @OLD_SQL_NOTES=@@SQL_NOTES, SQL_NOTES=0 */;
CREATE DATABASE /*!32312 IF NOT EXISTS*/`db_test` /*!40100 DEFAULT CHARACTER SET latin1 */;

USE `db_test`;

/*Table structure for table `applications` */

DROP TABLE IF EXISTS `applications`;

CREATE TABLE `applications` (
  `id` int(11) NOT NULL AUTO_INCREMENT,
  `date` datetime NOT NULL,
  `amount` float NOT NULL,
  `days` int(11) DEFAULT NULL,
  `id_status` int(11) DEFAULT '1',
  PRIMARY KEY (`id`),
  KEY `id_status` (`id_status`),
  KEY `date` (`date`),
  KEY `days` (`days`),
  KEY `amount` (`amount`)
) ENGINE=MyISAM AUTO_INCREMENT=7919 DEFAULT CHARSET=utf8;

/*Data for the table `applications` */

insert  into `applications`(`id`,`date`,`amount`,`days`,`id_status`) values (1,'2012-06-21 17:59:59',500000,25,5),(8,'2012-03-14 14:14:22',150000,15,5),(74,'2012-03-26 15:41:29',150000,20,5),(84,'2012-03-28 09:21:10',150000,30,5),(92,'2012-03-29 12:12:05',100000,15,5),(112,'2012-04-03 16:02:25',150000,30,4),(125,'2012-08-16 20:14:48',120000,12,5),(139,'2012-04-13 17:48:07',500000,30,5),(169,'2012-04-15 20:44:03',500000,30,5),(170,'2012-04-15 18:28:26',250000,10,4),(181,'2012-04-16 11:16:34',350000,20,5),(201,'2012-04-17 08:08:19',150000,30,4),(215,'2012-04-17 15:43:24',500000,25,5),(251,'2012-04-19 13:31:18',150000,15,5),(257,'2012-04-19 16:10:04',500000,30,4),(270,'2012-04-20 09:07:13',250000,12,5),(277,'2012-04-20 14:26:09',200000,15,4),(287,'2012-04-21 10:15:37',200000,11,5),(290,'2012-04-21 17:44:25',150000,30,5),(298,'2012-04-23 14:22:40',120000,8,5),(305,'2012-04-23 16:53:21',200000,15,4),(359,'2012-05-02 16:50:21',500000,8,5),(362,'2012-05-02 17:50:52',500000,30,4),(366,'2012-06-07 08:05:26',430000,30,5),(377,'2012-07-04 14:37:23',400000,22,4),(386,'2012-05-05 09:25:44',500000,15,5),(396,'2012-05-06 12:29:21',400000,30,5),(403,'2012-05-07 10:40:38',500000,30,5),(432,'2012-06-28 12:41:57',350000,30,4),(433,'2012-05-31 16:19:15',320000,30,5),(435,'2012-05-08 10:12:30',250000,30,5),(443,'2012-05-09 10:48:01',160000,30,5),(446,'2012-05-09 13:06:55',300000,15,5),(447,'2012-06-11 20:27:03',400000,15,4),(460,'2012-05-11 12:18:39',200000,30,5),(461,'2012-05-11 12:34:56',150000,8,5),(482,'2012-05-14 16:55:32',250000,15,5),(483,'2012-05-14 17:27:17',500000,30,5),(485,'2012-05-14 21:21:33',220000,18,5),(487,'2012-05-15 09:25:08',500000,25,5),(488,'2012-05-15 10:05:42',500000,30,5),(489,'2012-05-15 11:49:00',350000,10,5),(557,'2012-05-22 18:01:13',400000,9,4),(560,'2012-05-23 13:25:21',100000,30,5),(577,'2012-05-24 13:17:48',200000,24,5),(619,'2012-07-04 12:27:56',500000,30,5),(620,'2012-05-29 09:18:04',500000,30,5),(1891,'2012-06-14 19:54:41',150000,12,4),(1890,'2012-06-14 19:01:45',180000,15,5),(1859,'2012-06-14 12:30:04',300000,30,4),(1858,'2012-06-14 12:41:21',250000,16,5),(1856,'2012-06-14 12:41:59',300000,15,5),(1855,'2012-06-14 12:13:32',260000,10,5),(1850,'2012-06-14 10:25:32',100000,20,5),(1828,'2012-06-13 14:09:24',150000,8,5),(1827,'2012-06-21 09:19:41',200000,15,5),(1820,'2012-06-13 12:59:39',340000,30,5),(1812,'2012-06-13 11:42:28',120000,8,5),(1805,'2012-06-13 12:35:58',500000,30,5),(1804,'2012-06-13 10:40:32',500000,30,5),(1796,'2012-06-13 03:12:04',300000,24,5),(1779,'2012-06-12 15:48:17',340000,26,5),(1777,'2012-06-12 15:52:47',120000,3,5),(1767,'2012-06-12 11:37:09',250000,30,5),(1747,'2012-06-10 17:20:40',100000,30,4),(1727,'2012-09-29 14:59:56',150000,10,5),(1916,'2012-06-15 15:36:24',250000,8,4),(1923,'2012-06-15 16:55:31',90000,10,5),(1942,'2012-06-25 19:03:48',500000,30,5),(1951,'2012-06-16 15:10:56',200000,30,5),(1970,'2012-06-17 10:43:42',120000,8,5),(1980,'2012-06-17 12:57:03',200000,30,5),(1992,'2012-06-17 17:58:45',300000,9,5),(2001,'2012-07-05 15:41:13',350000,30,5),(2002,'2012-06-17 22:13:57',300000,15,5),(2010,'2012-06-19 22:51:22',200000,11,5),(2016,'2012-06-18 11:49:41',300000,15,5),(2023,'2012-06-18 15:25:20',250000,8,5),(2038,'2012-06-18 23:45:56',210000,15,5),(2041,'2012-06-19 08:17:32',340000,20,5),(2045,'2012-06-19 09:45:45',340000,8,5),(2051,'2012-06-19 10:47:02',300000,15,5),(2055,'2012-06-19 11:47:36',340000,30,5),(2056,'2012-06-19 11:59:13',350000,28,5),(2058,'2012-06-19 12:20:17',200000,15,4),(2063,'2012-06-19 14:01:58',350000,14,5),(2064,'2012-06-19 14:03:20',200000,22,5),(2066,'2012-06-19 14:45:32',350000,15,5),(2074,'2012-06-19 17:44:16',350000,26,4),(2076,'2012-06-19 18:27:55',300000,14,5),(2079,'2012-06-19 19:56:08',300000,7,5),(2085,'2012-06-19 22:37:18',300000,30,5),(2093,'2012-06-20 09:25:44',200000,30,5),(2099,'2012-06-20 11:01:21',350000,10,5),(2107,'2012-06-24 19:45:49',300000,10,5),(2114,'2012-06-20 14:02:21',300000,10,5),(2115,'2012-06-20 14:01:37',350000,20,5),(2117,'2012-06-20 14:22:33',350000,15,5),(2122,'2012-06-20 15:42:22',320000,30,5),(2129,'2012-07-11 14:40:15',350000,20,5),(2167,'2012-06-21 13:36:27',200000,15,5),(2168,'2012-06-21 15:11:55',350000,23,5),(2175,'2012-06-27 11:00:32',500000,22,5),(2177,'2012-06-21 16:00:55',350000,30,5),(2198,'2012-06-22 13:37:10',200000,24,5),(2201,'2012-06-22 15:04:43',150000,30,5),(2203,'2012-06-22 15:14:24',500000,30,5),(2243,'2012-06-25 07:14:58',500000,30,5),(2249,'2012-06-25 09:19:46',350000,30,5),(2275,'2012-06-25 15:24:15',120000,8,5),(2291,'2012-06-25 19:52:31',500000,30,5),(2293,'2012-06-25 19:47:42',250000,15,5),(2297,'2012-07-23 08:55:26',350000,15,5),(2306,'2012-06-26 11:07:46',120000,8,5),(2313,'2012-06-26 14:08:12',500000,16,5),(2314,'2012-06-26 14:19:20',120000,30,5),(2339,'2012-06-27 09:43:28',250000,10,5),(2360,'2012-06-27 17:59:26',300000,15,5),(2387,'2012-06-27 20:02:46',140000,30,5),(2399,'2012-08-27 13:40:41',280000,20,5),(2403,'2012-06-28 11:30:54',300000,20,5),(2424,'2012-06-29 08:09:49',450000,17,5),(2426,'2012-06-29 09:17:25',300000,25,5),(2434,'2012-06-29 12:10:28',350000,18,5),(2436,'2012-07-18 17:17:46',350000,30,5),(2465,'2012-06-30 09:45:44',300000,30,5),(2478,'2012-07-01 12:48:45',350000,30,5),(2489,'2012-07-02 11:03:54',300000,25,5),(2490,'2012-07-02 12:26:27',350000,24,5),(2502,'2012-07-03 07:17:35',350000,30,5),(2504,'2012-07-03 07:55:11',300000,13,5),(2510,'2012-07-03 17:47:24',350000,8,5),(2513,'2012-07-05 12:17:45',100000,6,5),(2528,'2012-07-03 19:04:08',250000,30,5),(2538,'2012-07-04 11:13:07',350000,10,5),(2539,'2012-07-04 11:15:44',350000,20,5),(2541,'2012-07-04 12:33:44',280000,8,5),(2587,'2012-07-08 22:33:03',320000,8,5),(2588,'2012-07-05 21:07:21',350000,16,5),(2589,'2012-07-08 17:47:00',300000,30,5),(2597,'2012-09-06 18:47:44',120000,9,5),(2600,'2012-07-10 08:49:36',200000,21,5),(2602,'2012-07-06 10:43:35',100000,30,5),(2622,'2012-07-07 10:47:59',350000,30,5),(2629,'2012-07-08 07:23:29',500000,30,5),(2631,'2012-07-21 10:29:07',500000,30,5),(2698,'2012-08-10 16:50:39',500000,17,5),(2724,'2012-07-09 15:55:20',300000,20,5),(2728,'2012-07-09 15:50:54',350000,7,5),(2740,'2012-07-09 17:28:56',250000,10,5),(2742,'2012-07-09 17:40:33',300000,25,5),(2759,'2012-07-09 19:46:19',350000,30,5),(2797,'2012-07-10 07:35:53',350000,20,5),(2812,'2012-07-20 20:37:51',400000,30,5),(2819,'2012-07-10 11:20:32',120000,8,5),(2828,'2012-07-10 12:27:35',250000,20,5),(2845,'2012-07-10 15:21:44',300000,19,5),(2864,'2012-07-26 00:06:59',350000,22,5),(2866,'2012-07-10 18:28:09',330000,8,5),(2882,'2012-07-10 20:23:18',200000,30,5),(2895,'2012-07-11 00:24:48',350000,17,5),(2944,'2012-07-11 22:23:06',300000,24,5),(2947,'2012-07-12 07:43:10',350000,30,5),(2953,'2012-07-12 09:42:22',350000,15,5),(2965,'2012-07-23 14:35:18',500000,30,5),(2988,'2012-07-12 15:06:04',200000,30,5),(3015,'2012-07-12 18:27:08',300000,23,5),(3028,'2012-07-12 23:06:48',90000,20,5),(3029,'2012-07-12 23:16:27',310000,17,5),(3041,'2012-07-13 11:48:56',400000,16,5),(3051,'2012-07-21 11:23:25',350000,30,5),(3056,'2012-07-13 16:59:33',280000,30,5),(3059,'2012-07-13 17:22:39',200000,17,4),(3065,'2012-07-13 18:55:38',220000,17,5),(3107,'2012-07-14 23:31:26',350000,30,4),(3121,'2012-07-23 08:11:59',350000,10,5),(3142,'2012-07-16 12:04:29',500000,16,4),(3148,'2012-07-19 10:52:48',350000,22,5),(3152,'2012-07-29 11:54:55',500000,30,4),(3153,'2012-07-30 11:30:47',350000,30,5),(3166,'2012-07-16 21:47:53',350000,18,5),(3180,'2012-07-17 10:58:17',350000,30,4),(3185,'2012-07-17 13:29:06',320000,18,5),(3195,'2012-07-19 14:56:12',500000,12,4),(3205,'2012-07-17 19:35:05',330000,30,5),(3216,'2012-07-18 09:54:37',200000,9,5),(3221,'2012-07-18 10:34:50',350000,11,5),(3226,'2012-07-18 11:47:24',350000,21,5),(3227,'2012-07-18 12:39:11',200000,9,4),(3230,'2012-07-23 08:13:52',350000,15,4),(3237,'2012-07-18 15:01:14',240000,15,4),(3259,'2012-07-18 23:34:54',300000,30,5),(3261,'2012-07-19 14:53:33',350000,15,4),(3270,'2012-08-28 17:02:49',150000,15,4),(3283,'2012-07-19 12:48:51',300000,15,5),(3285,'2012-07-19 15:08:02',300000,15,5),(3307,'2012-07-20 17:23:07',350000,15,5),(3302,'2012-07-21 09:39:55',350000,7,5),(3317,'2012-07-21 15:39:24',150000,10,5),(3324,'2012-07-26 19:44:28',350000,20,5),(3336,'2012-07-23 10:26:03',350000,23,5),(3343,'2012-07-23 11:23:15',120000,8,5),(3348,'2012-07-23 11:53:14',500000,15,5),(3354,'2012-07-23 14:00:42',250000,23,5),(3358,'2012-07-23 14:39:43',500000,24,5),(3365,'2012-07-23 17:59:19',300000,30,5),(3408,'2012-07-25 06:49:53',500000,30,5),(3414,'2012-08-03 00:05:23',500000,30,5),(3430,'2012-07-25 15:48:19',250000,8,5),(3435,'2012-07-25 18:33:26',200000,18,5),(3449,'2012-07-26 13:25:50',100000,30,5),(3452,'2012-08-16 07:29:51',350000,15,5),(3461,'2012-08-05 00:05:40',500000,25,5),(3462,'2012-07-27 09:52:53',100000,5,5),(3465,'2012-08-06 09:05:59',200000,20,5),(3472,'2012-07-27 17:28:58',450000,15,5),(3478,'2012-07-27 20:42:35',300000,30,5),(3481,'2012-08-05 12:12:49',400000,16,5),(3485,'2012-07-28 11:07:30',210000,23,5),(3493,'2012-07-29 07:50:52',350000,30,5),(3494,'2012-08-15 17:26:01',350000,12,5),(3498,'2012-08-04 09:08:46',350000,30,5),(3505,'2012-08-06 00:06:58',500000,30,5),(3526,'2012-07-31 10:53:12',150000,5,5),(3539,'2012-07-31 11:03:54',300000,16,5),(3554,'2012-08-08 11:26:13',500000,22,5),(3556,'2012-08-08 04:56:54',350000,30,5),(3571,'2012-07-31 23:22:54',100000,15,5),(3575,'2012-08-01 07:42:10',350000,15,5),(3578,'2012-08-14 08:48:44',350000,19,5),(3597,'2012-08-09 09:57:23',500000,15,5),(3603,'2012-08-13 13:38:30',350000,30,5),(3613,'2012-08-02 09:22:50',350000,30,5),(3624,'2012-08-11 07:34:24',500000,22,5),(3640,'2012-08-02 16:10:38',350000,30,5),(3643,'2012-08-02 19:05:58',300000,15,5),(3663,'2012-08-03 17:07:07',350000,14,5),(3664,'2012-08-13 11:17:35',350000,21,5),(3667,'2012-08-03 15:02:39',350000,30,5),(3703,'2012-08-14 17:05:53',100000,25,5),(3707,'2012-08-06 12:01:28',350000,22,5),(3711,'2012-08-06 14:56:00',500000,21,5),(3716,'2012-08-06 18:00:36',300000,8,5),(3724,'2012-08-15 23:11:23',250000,14,5),(3725,'2012-08-07 16:11:34',350000,17,5),(3735,'2012-08-15 16:31:02',350000,30,5),(3738,'2012-08-08 07:46:26',350000,26,5),(3757,'2012-09-21 11:29:04',350000,30,5),(3758,'2012-08-08 13:30:43',350000,30,5),(3765,'2012-08-08 16:26:32',200000,30,5),(3767,'2012-08-08 20:33:18',350000,20,5),(3783,'2012-08-09 12:06:10',300000,30,5),(3787,'2012-08-09 13:47:51',120000,23,5),(3788,'2012-08-09 14:14:12',350000,7,5),(3797,'2012-08-10 10:37:58',330000,15,5),(3799,'2012-08-15 00:05:15',500000,30,5),(3800,'2012-08-22 10:45:29',500000,23,5),(3811,'2012-08-11 09:37:04',500000,30,5),(3814,'2012-08-14 07:47:52',350000,20,5),(3817,'2012-08-23 10:54:13',350000,30,5),(3824,'2012-08-11 15:48:41',350000,30,5),(3827,'2012-08-11 17:41:36',300000,30,5),(3859,'2012-08-13 14:04:52',350000,30,5),(3864,'2012-08-13 16:11:39',350000,25,5),(3868,'2012-08-13 21:24:20',300000,15,5),(3883,'2012-08-14 17:27:39',120000,8,5),(3886,'2012-08-15 07:01:13',350000,13,5),(3895,'2012-08-15 11:47:01',500000,30,5),(3896,'2012-08-15 12:22:12',120000,8,5),(3899,'2012-08-17 13:06:19',130000,17,5),(3914,'2012-08-15 22:50:07',350000,25,5),(3950,'2012-08-26 13:41:24',350000,30,5),(3952,'2012-09-17 08:26:40',300000,15,5),(3956,'2012-08-17 13:46:31',300000,14,5),(3957,'2012-08-17 13:53:40',200000,15,5),(3983,'2012-08-28 18:48:00',300000,3,5),(3998,'2012-08-23 09:37:46',350000,30,5),(4037,'2012-09-06 10:53:26',350000,15,5),(4055,'2012-08-21 11:32:31',300000,6,5),(4061,'2012-09-06 15:46:55',350000,21,5),(4063,'2012-08-21 13:13:05',300000,26,5),(4068,'2012-08-21 14:11:34',120000,25,5),(4069,'2012-08-21 14:38:27',350000,20,5),(4075,'2012-08-21 15:17:32',170000,2,5),(4083,'2012-09-25 00:48:40',200000,10,5),(4084,'2012-08-21 19:18:32',300000,25,5),(4085,'2012-08-21 19:35:39',120000,6,5),(4091,'2012-08-22 09:53:43',200000,30,5),(4103,'2012-08-28 08:43:21',320000,20,5),(4127,'2012-08-26 12:49:18',350000,8,5),(4130,'2012-08-22 18:35:22',100000,10,5),(4135,'2012-08-22 19:02:12',350000,20,5),(4140,'2012-09-03 17:48:59',150000,30,5),(4141,'2012-08-31 10:08:15',350000,10,5),(4142,'2012-09-10 20:53:38',100000,21,5),(4151,'2012-08-23 11:55:06',200000,8,5),(4164,'2012-08-23 14:40:59',350000,8,5),(4196,'2012-08-23 22:43:15',340000,30,5),(4199,'2012-09-08 07:42:48',350000,23,5),(4203,'2012-08-24 09:11:31',300000,30,5),(4208,'2012-08-26 07:17:10',350000,30,5),(4216,'2012-08-24 15:42:31',350000,30,5),(4217,'2012-08-24 15:50:30',150000,9,5),(4237,'2012-08-24 20:55:46',120000,30,5),(4262,'2012-08-26 10:10:56',350000,15,5),(4263,'2012-08-26 10:10:10',350000,30,5),(4265,'2012-08-26 13:06:13',350000,30,5),(4279,'2012-08-26 21:16:47',120000,8,5),(4288,'2012-08-27 07:41:40',350000,21,5),(4317,'2012-08-27 15:44:39',300000,21,5),(4330,'2012-08-27 19:31:22',60000,30,5),(4331,'2012-09-05 18:58:44',210000,21,5),(4336,'2012-08-27 23:03:06',120000,15,5),(4339,'2012-08-30 11:13:09',350000,30,5),(4382,'2012-08-28 21:06:40',350000,30,5),(4385,'2012-08-28 22:56:00',250000,15,5),(4409,'2012-08-29 16:11:04',300000,21,5),(4424,'2012-08-29 18:20:24',120000,1,5),(4429,'2012-09-07 00:05:05',300000,30,5),(4431,'2012-08-29 19:37:49',300000,15,5),(4442,'2012-09-08 15:07:28',350000,9,5),(4453,'2012-08-30 10:21:05',250000,25,5),(4459,'2012-08-30 10:53:40',300000,30,5),(4469,'2012-09-20 11:30:46',200000,12,5),(4470,'2012-08-31 20:04:49',350000,30,5),(4476,'2012-08-30 14:42:10',350000,25,5),(4480,'2012-10-09 07:01:10',350000,30,5),(4505,'2012-09-03 12:11:45',350000,25,5),(4510,'2012-09-07 05:16:53',350000,22,5),(4519,'2012-08-31 12:17:54',250000,30,5),(4536,'2012-08-31 15:44:39',350000,8,5),(4540,'2012-08-31 17:30:48',120000,10,5),(4582,'2012-09-09 09:54:57',350000,30,5),(4615,'2012-09-03 11:52:29',100000,15,5),(4629,'2012-09-03 13:59:22',140000,28,5),(4661,'2012-09-12 08:21:17',350000,20,5),(4663,'2012-09-12 04:51:21',350000,30,5),(4673,'2012-09-10 08:14:00',350000,30,5),(4689,'2012-09-04 13:37:46',200000,30,5),(4708,'2012-09-04 17:07:45',250000,30,5),(4727,'2012-09-04 20:35:15',100000,15,5),(4729,'2012-09-05 06:35:37',350000,23,5),(4733,'2012-09-04 23:19:56',150000,20,5),(4736,'2012-09-05 08:33:21',200000,20,5),(4739,'2012-09-05 09:32:24',200000,30,5),(4744,'2012-09-06 09:30:44',350000,20,5),(4757,'2012-09-05 13:02:46',150000,15,5),(4758,'2012-09-29 08:57:18',80000,20,5),(4765,'2012-09-14 10:00:00',350000,17,5),(4784,'2012-09-05 18:41:58',350000,15,5),(4793,'2012-09-05 22:02:20',300000,10,5),(4816,'2012-10-04 11:29:44',350000,30,5),(4823,'2012-09-06 13:19:26',120000,30,5),(4848,'2012-09-13 06:40:58',350000,30,5),(4857,'2012-09-06 17:51:19',250000,30,5),(4875,'2012-10-03 15:01:53',350000,30,5),(4876,'2012-09-07 09:12:14',200000,24,5),(4898,'2012-09-07 15:38:58',150000,25,5),(4899,'2012-09-07 16:01:13',120000,15,5),(4905,'2012-09-07 17:19:01',150000,15,5),(4906,'2012-09-12 08:19:00',500000,18,5),(4917,'2012-09-08 16:38:48',120000,8,5),(4922,'2012-09-08 18:00:32',320000,19,5),(4923,'2012-09-30 02:53:02',350000,16,5),(4929,'2012-10-07 13:36:55',350000,20,5),(4934,'2012-09-15 09:51:29',350000,30,5),(4937,'2012-09-09 11:53:55',350000,30,5),(4966,'2012-09-10 06:40:45',350000,30,5),(4984,'2012-09-10 12:33:11',250000,21,5),(4992,'2012-09-10 13:37:47',270000,19,5),(4997,'2012-09-14 15:20:51',200000,15,5),(5006,'2012-09-13 05:51:40',200000,8,5),(5009,'2012-09-11 06:39:30',300000,10,5),(5038,'2012-09-19 10:10:31',500000,24,5),(5041,'2012-09-11 16:53:20',350000,15,5),(5062,'2012-09-20 10:56:34',350000,30,5),(5087,'2012-09-12 15:52:27',350000,28,5),(5090,'2012-09-12 16:42:30',200000,25,5),(5106,'2012-09-13 08:58:09',100000,19,5),(5107,'2012-09-13 09:02:09',500000,19,5),(5112,'2012-09-13 09:34:43',300000,15,5),(5117,'2012-09-13 10:22:22',350000,14,5),(5122,'2012-09-13 11:09:16',300000,20,5),(5131,'2012-09-17 11:56:35',350000,15,5),(5141,'2012-09-20 11:35:21',350000,30,5),(5164,'2012-09-14 11:05:27',120000,8,5),(5172,'2012-09-14 14:02:20',350000,8,5),(5183,'2012-09-14 16:04:07',350000,17,5),(5186,'2012-09-14 16:43:37',350000,30,5),(5199,'2012-09-14 20:53:37',90000,17,5),(5202,'2012-09-15 08:53:36',300000,15,5),(5251,'2012-09-17 10:14:11',350000,15,5),(5255,'2012-09-17 11:08:39',120000,8,5),(5256,'2012-10-01 11:51:23',350000,30,5),(5276,'2012-10-04 17:07:10',350000,30,5),(5295,'2012-09-18 02:44:12',350000,7,5),(5315,'2012-09-20 10:26:05',350000,30,5),(5349,'2012-09-19 10:58:33',350000,16,5),(5375,'2012-09-19 17:38:26',300000,8,5),(5377,'2012-09-19 19:33:12',150000,17,5),(5386,'2012-09-20 10:06:45',350000,30,5),(5403,'2012-09-20 12:34:37',140000,11,5),(5407,'2012-09-20 13:21:48',200000,10,5),(5415,'2012-09-20 14:38:34',170000,11,5),(5425,'2012-09-20 15:52:40',350000,8,5),(5435,'2012-09-20 19:54:46',60000,8,5),(5450,'2012-09-21 08:41:15',350000,20,5),(5479,'2012-09-21 16:22:26',100000,15,5),(5497,'2012-09-24 00:34:15',350000,25,5),(5529,'2012-10-06 13:05:28',250000,20,5),(5547,'2012-09-23 19:10:05',50000,8,5),(5553,'2012-09-24 08:45:04',350000,30,5),(5577,'2012-09-24 14:08:48',240000,10,5),(5603,'2012-09-27 14:35:29',250000,15,5),(5606,'2012-09-26 08:58:08',200000,30,5),(5628,'2012-09-25 15:02:40',120000,15,5),(5651,'2012-09-27 10:26:24',350000,30,5),(5652,'2012-09-26 10:25:14',350000,30,5),(5653,'2012-09-26 10:25:03',350000,26,5),(5667,'2012-10-04 21:38:33',350000,30,5),(5671,'2012-10-07 20:20:00',350000,20,5),(5683,'2012-10-05 10:29:04',350000,21,5),(5694,'2012-09-27 09:18:38',350000,21,5),(5699,'2012-09-27 11:37:48',280000,28,5),(5706,'2012-10-03 08:34:44',350000,30,5),(5711,'2012-09-27 15:23:12',100000,20,5),(5712,'2012-09-27 15:41:14',350000,20,5),(5715,'2012-10-11 17:20:22',350000,13,5),(5717,'2012-09-27 18:21:51',350000,30,5),(5725,'2012-09-27 23:07:23',300000,30,5),(5728,'2012-10-06 04:58:09',350000,28,5),(5731,'2012-09-28 12:02:50',350000,30,5),(5735,'2012-09-28 13:27:55',120000,8,5),(5736,'2012-10-04 14:50:28',300000,30,5),(5756,'2012-10-08 05:29:02',350000,22,5),(5758,'2012-09-29 10:06:31',120000,8,5),(5763,'2012-10-04 15:30:50',350000,30,5),(5770,'2012-09-30 08:35:20',350000,20,5),(5772,'2012-09-30 11:28:01',200000,4,5),(5776,'2012-09-30 13:52:03',200000,16,5),(5790,'2012-10-01 08:24:59',300000,15,5),(5804,'2012-10-07 08:20:03',200000,24,5),(5816,'2012-10-10 11:57:15',350000,30,5),(5823,'2012-10-01 14:24:17',250000,30,5),(5826,'2012-10-06 08:57:47',350000,26,5),(5835,'2012-10-06 09:47:47',350000,12,5),(5846,'2012-10-02 20:20:56',100000,15,5),(5867,'2012-10-05 08:52:31',350000,30,5),(5868,'2012-10-02 11:55:44',350000,30,5),(5886,'2012-10-02 14:45:46',350000,30,5),(5894,'2012-10-02 15:06:47',150000,13,5),(5898,'2012-10-02 15:29:38',350000,10,5),(5902,'2012-10-02 15:51:45',250000,15,5),(5905,'2012-10-06 08:10:12',350000,6,5),(5917,'2012-10-03 11:56:09',150000,27,5),(5979,'2012-10-07 09:58:48',150000,15,5),(6022,'2012-10-04 17:51:16',100000,26,5),(5987,'2012-10-04 08:47:08',350000,22,5),(5989,'2012-10-05 08:35:55',300000,20,5),(5998,'2012-10-10 12:31:01',350000,30,5),(6009,'2012-10-04 14:03:40',120000,8,5),(6013,'2012-10-04 14:32:55',300000,15,5),(6021,'2012-10-04 16:54:07',350000,24,5),(6036,'2012-10-08 09:13:40',300000,22,5),(6038,'2012-10-05 11:35:50',350000,15,5),(6056,'2012-10-05 10:34:22',350000,30,5),(6064,'2012-10-08 07:27:25',350000,30,5),(6068,'2012-10-10 14:55:43',350000,30,5),(6074,'2012-10-05 12:37:34',120000,30,5),(6102,'2012-10-08 08:23:03',400000,20,5),(6120,'2012-10-05 22:25:43',250000,6,5),(6128,'2012-10-06 10:58:15',200000,20,5),(6140,'2012-10-06 14:54:01',100000,19,5),(6184,'2012-10-07 20:57:33',120000,8,5),(6186,'2012-10-07 21:08:09',110000,6,5),(6202,'2012-10-08 08:53:52',100000,25,5),(6234,'2012-10-08 13:43:40',350000,30,5),(6261,'2012-10-08 16:49:25',350000,30,5),(6277,'2012-10-08 19:40:52',120000,8,5),(6356,'2012-10-09 18:53:50',100000,8,5),(6431,'2012-10-10 12:09:28',280000,20,5),(6447,'2012-10-10 13:09:16',350000,22,5),(6451,'2012-10-10 13:19:57',180000,22,5),(6471,'2012-10-10 15:53:22',350000,15,5),(6477,'2012-10-10 16:33:23',60000,6,5),(6504,'2012-10-10 23:54:14',350000,12,5),(6531,'2012-10-11 13:54:37',150000,19,5),(6537,'2012-10-11 14:43:34',350000,22,5),(6546,'2012-10-11 15:40:18',100000,8,5),(6562,'2012-10-11 18:39:57',350000,30,5),(6582,'2012-10-12 08:11:41',500000,22,5),(6589,'2012-10-12 10:14:39',350000,17,5),(6591,'2012-10-12 10:29:25',350000,15,5),(6601,'2012-10-12 11:59:25',350000,15,5),(6610,'2012-10-12 14:00:34',350000,8,5),(6614,'2012-10-12 14:34:28',300000,5,5),(6616,'2012-10-12 15:17:15',350000,30,5),(6652,'2012-10-14 10:51:59',220000,22,5),(6668,'2012-10-15 14:31:19',60000,6,5),(6678,'2012-10-15 20:40:57',150000,8,5),(6707,'2012-10-16 12:48:01',350000,14,5),(6708,'2012-10-16 13:25:35',200000,17,5),(6716,'2012-10-16 16:01:26',130000,30,5),(6718,'2012-10-16 16:21:08',350000,30,5),(6725,'2012-10-16 19:42:23',350000,20,5),(6742,'2012-10-17 09:15:23',350000,15,5),(6757,'2012-10-17 13:04:33',350000,11,5),(6787,'2012-10-17 17:37:15',150000,3,5),(6797,'2012-10-17 21:05:20',300000,22,5),(6839,'2012-10-18 21:27:41',300000,15,5),(6872,'2012-10-19 14:02:56',100000,8,5),(6876,'2012-10-19 15:29:16',350000,12,5),(6889,'2012-10-19 16:57:43',100000,11,5),(6902,'2012-10-20 08:41:04',180000,8,5),(6905,'2012-10-20 10:18:31',280000,9,5),(6959,'2012-10-22 13:21:00',200000,23,5),(6971,'2012-10-22 15:46:20',300000,10,5),(6975,'2012-10-22 18:20:54',120000,10,5),(6991,'2012-10-23 12:01:54',100000,20,5),(7014,'2012-10-23 17:42:32',350000,17,5),(7065,'2012-10-24 17:05:04',350000,8,5),(7076,'2012-10-24 21:45:58',70000,7,5),(7077,'2012-10-24 21:53:17',150000,10,5),(7093,'2012-10-25 09:48:23',300000,30,5),(7096,'2012-10-25 10:17:25',100000,8,5),(7130,'2012-10-25 19:26:10',130000,10,5),(7156,'2012-10-26 14:07:20',100000,8,5),(7159,'2012-10-26 15:42:22',250000,20,5),(7160,'2012-10-26 15:42:22',100000,8,5),(7165,'2012-10-26 18:55:06',120000,8,5),(7167,'2012-10-26 20:34:46',120000,8,5),(7178,'2012-10-27 17:26:48',200000,8,5),(7196,'2012-10-28 20:39:19',350000,20,5),(7275,'2012-10-30 16:44:34',120000,8,5),(7280,'2012-10-30 17:33:23',300000,11,5),(7329,'2012-10-31 18:06:41',350000,10,5),(7340,'2012-11-01 09:38:44',350000,30,5),(7381,'2012-11-01 23:16:09',120000,8,5),(7387,'2012-11-02 09:16:26',120000,5,5),(7465,'2012-11-03 15:05:37',300000,5,5),(7481,'2012-11-04 12:09:01',350000,15,5),(7491,'2012-11-04 20:28:59',100000,30,5),(7623,'2012-11-07 16:12:58',100000,3,5);

/*Table structure for table `payments` */

DROP TABLE IF EXISTS `payments`;

CREATE TABLE `payments` (
  `id` int(11) unsigned NOT NULL AUTO_INCREMENT,
  `paid_at` datetime NOT NULL,
  `id_application` int(11) DEFAULT NULL,
  `paid_amount` decimal(10,2) NOT NULL DEFAULT '0.00',
  PRIMARY KEY (`id`)
) ENGINE=MyISAM AUTO_INCREMENT=604 DEFAULT CHARSET=utf8;

/*Data for the table `payments` */

insert  into `payments`(`id`,`paid_at`,`id_application`,`paid_amount`) values (1,'2012-04-03 13:55:07',92,'110450.00'),(2,'2012-04-09 11:02:16',92,'167243.00'),(3,'2012-04-27 12:44:39',170,'288810.00'),(4,'2012-04-30 18:17:12',298,'138152.00'),(5,'2012-05-01 06:56:46',84,'191000.00'),(6,'2012-05-02 13:07:52',201,'182201.00'),(7,'2012-05-02 14:07:41',287,'230094.00'),(8,'2012-05-04 16:14:34',251,'182201.00'),(9,'2012-05-04 20:00:19',270,'291666.00'),(10,'2012-05-05 10:00:14',277,'236768.00'),(11,'2012-05-07 15:45:42',112,'190410.00'),(12,'2012-05-09 13:02:35',215,'632000.00'),(13,'2012-05-15 18:18:47',386,'553236.00'),(14,'2012-05-16 16:37:43',305,'242096.00'),(15,'2012-05-17 13:41:31',327,'550000.00'),(16,'2012-05-18 21:31:44',446,'334841.00'),(17,'2012-05-22 16:11:38',169,'687116.00'),(18,'2012-05-22 20:26:28',461,'171046.00'),(19,'2012-05-25 19:31:03',489,'393558.00'),(20,'2012-05-28 10:57:44',257,'688067.00'),(21,'2012-05-29 09:05:40',362,'655458.00'),(22,'2012-05-30 12:28:06',435,'307760.00'),(23,'2012-05-30 14:40:50',482,'637415.00'),(24,'2012-05-31 10:57:11',482,'300235.00'),(25,'2012-05-31 11:01:40',482,'190000.00'),(26,'2012-06-04 23:26:33',396,'534301.00'),(27,'2012-06-05 10:14:46',485,'275456.00'),(29,'2012-06-06 12:59:37',290,'230.00'),(30,'2012-06-06 13:00:59',290,'206115.00'),(31,'2012-06-06 13:01:17',290,'0.00'),(32,'2012-06-06 18:06:20',443,'220890.00'),(33,'2012-06-07 10:07:03',460,'259000.00'),(34,'2012-06-07 10:12:13',460,'259000.00'),(35,'2012-06-12 11:41:30',487,'612000.00'),(36,'2012-06-12 19:27:08',483,'0.00'),(37,'2012-06-12 19:27:41',483,'0.00'),(38,'2012-06-12 19:29:42',483,'675000.00'),(39,'2012-06-15 15:58:13',1828,'159893.00'),(40,'2012-06-15 17:31:27',1777,'127318.00'),(41,'2012-06-20 13:32:57',1812,'136757.00'),(42,'2012-06-20 13:33:50',577,'252751.00'),(43,'2012-06-20 13:34:01',577,'0.00'),(44,'2012-06-20 14:04:18',359,'565531.00'),(45,'2012-06-20 15:13:10',1923,'100900.00'),(46,'2012-03-24 15:54:52',8,'150000.00'),(47,'2012-06-25 07:09:49',2066,'372969.00'),(48,'2012-06-25 08:29:57',1855,'299287.00'),(49,'2012-06-25 17:26:38',1891,'169500.00'),(50,'2012-06-25 17:27:21',447,'463036.00'),(51,'2012-06-25 18:02:01',2079,'317408.00'),(52,'2012-06-25 18:02:12',2079,'0.00'),(53,'2012-06-25 18:02:26',2079,'0.00'),(54,'2012-06-25 18:03:02',2079,'317408.00'),(55,'2012-06-25 18:59:40',2063,'377086.00'),(56,'2012-06-26 10:16:12',2023,'271676.00'),(57,'2012-06-26 10:16:23',2023,'0.00'),(58,'2012-06-26 10:17:10',2023,'271676.00'),(59,'2012-06-26 12:26:17',557,'453805.00'),(60,'2012-06-26 12:26:46',557,'453805.00'),(61,'2012-06-26 18:15:00',2038,'230472.00'),(62,'2012-06-26 18:50:57',1858,'288810.00'),(63,'2012-06-27 10:02:50',2198,'210074.00'),(64,'2012-06-27 10:03:58',2198,'210074.00'),(65,'2012-06-27 10:17:42',2122,'346183.00'),(66,'2012-06-27 11:17:17',1992,'331354.00'),(67,'2012-06-27 11:17:53',1992,'331354.00'),(68,'2012-06-27 13:17:37',620,'673504.00'),(69,'2012-06-27 13:54:54',1970,'139000.00'),(70,'2012-06-27 14:31:33',2045,'374888.00'),(71,'2012-06-27 16:06:28',1916,'299299.00'),(72,'2012-06-28 08:16:13',2085,'331354.00'),(73,'2012-06-28 09:42:36',1827,'218971.00'),(74,'2012-06-28 10:05:30',1827,'218971.00'),(75,'2012-06-28 11:05:11',1980,'225700.00'),(76,'2012-06-28 12:21:14',433,'405700.00'),(77,'2012-06-29 05:17:42',1796,'359252.00'),(78,'2012-06-29 12:32:08',2107,'317408.00'),(79,'2012-06-29 17:34:13',1856,'360000.00'),(80,'2012-06-29 17:42:10',1850,'127000.00'),(81,'2012-06-29 18:06:38',2058,'227869.00'),(82,'2012-06-30 08:02:32',2076,'338328.00'),(83,'2012-06-30 10:24:33',2051,'341815.00'),(84,'2012-06-30 11:01:10',2114,'334841.00'),(85,'2012-07-02 10:10:04',1890,'217199.00'),(86,'2012-07-02 10:17:57',2099,'397676.00'),(87,'2012-07-02 10:19:51',2099,'397676.00'),(88,'2012-07-03 09:56:25',1890,'217199.00'),(89,'2012-07-03 11:40:55',2360,'315000.00'),(90,'2012-07-03 11:41:08',2360,'315000.00'),(91,'2012-07-04 12:29:55',2010,'232000.00'),(92,'2012-07-04 12:30:07',2010,'232000.00'),(93,'2012-07-04 13:37:19',2306,'138152.00'),(94,'2012-07-04 17:47:48',2041,'404000.00'),(95,'2012-07-05 11:09:58',2275,'139621.00'),(96,'2012-07-05 12:29:54',1942,'559247.00'),(97,'2012-07-05 13:17:51',1779,'431625.00'),(98,'2012-07-05 13:18:42',1779,'431625.00'),(99,'2012-07-05 14:57:04',1820,'431625.00'),(100,'2012-07-05 14:58:26',2117,'415000.00'),(101,'2012-07-05 15:14:56',2002,'359252.00'),(102,'2012-07-05 23:12:23',366,'577377.00'),(103,'2012-07-07 11:19:43',2016,'359628.00'),(104,'2012-07-09 14:37:36',1859,'391000.00'),(105,'2012-07-09 21:07:39',1747,'141300.00'),(106,'2012-07-10 10:02:40',2513,'113498.00'),(107,'2012-07-10 21:37:30',2293,'294523.00'),(108,'2012-07-11 14:20:30',2064,'254570.00'),(109,'2012-07-11 17:10:22',2074,'442986.00'),(110,'2012-07-11 18:09:13',2424,'504017.00'),(111,'2012-07-11 18:47:51',2115,'438866.00'),(112,'2012-07-12 08:00:56',560,'147534.00'),(113,'2012-07-12 14:34:27',2510,'380100.00'),(114,'2012-07-12 14:37:13',2175,'583295.00'),(115,'2012-07-12 14:53:50',2175,'583295.00'),(116,'2012-07-13 15:49:03',2313,'601333.00'),(117,'2012-07-14 07:29:23',2629,'529191.00'),(118,'2012-07-14 09:19:36',2434,'405913.00'),(119,'2012-07-16 12:07:35',2504,'345300.00'),(120,'2012-07-16 12:07:43',2504,'345300.00'),(121,'2012-07-13 12:17:19',2203,'619400.00'),(128,'2012-07-17 16:41:21',2740,'274531.00'),(127,'2012-07-13 00:00:00',2339,'286750.00'),(126,'2012-07-13 00:00:00',2168,'442986.00'),(125,'2012-07-16 16:28:16',2589,'321180.00'),(129,'2012-07-16 00:00:00',2728,'385300.00'),(130,'2012-07-16 00:00:00',2539,'385350.00'),(131,'2012-07-17 00:00:00',2403,'369800.00'),(132,'2012-07-17 00:00:00',2055,'451900.00'),(133,'2012-07-19 00:00:00',1951,'270200.00'),(134,'2012-07-13 00:00:00',2538,'389440.00'),(135,'2012-07-20 00:00:00',2866,'3668441.00'),(136,'2012-07-13 00:00:00',2093,'256796.00'),(137,'2012-07-21 00:00:00',2587,'353000.00'),(138,'2012-07-24 15:17:12',1767,'344835.00'),(139,'2012-07-25 09:10:54',2243,'679519.00'),(140,'2012-07-25 11:16:13',1804,'689020.00'),(141,'2012-07-25 00:00:00',2953,'405913.00'),(142,'2012-07-24 00:00:00',542,'150000.00'),(143,'2012-07-26 12:01:13',377,'480653.00'),(144,'2012-07-26 00:00:00',3227,'223420.00'),(145,'2012-07-26 00:00:00',2314,'168847.00'),(146,'2012-07-26 00:00:00',2489,'383700.00'),(147,'2012-07-26 00:00:00',2201,'206500.00'),(148,'2012-07-27 05:49:48',3261,'385322.00'),(149,'2012-07-26 00:00:00',2249,'480070.00'),(150,'2012-07-26 00:00:00',2541,'317000.00'),(151,'2012-07-26 00:00:00',3028,'110500.00'),(152,'2012-07-27 00:00:00',2724,'362740.00'),(153,'2012-07-27 00:00:00',2387,'191101.00'),(154,'2012-07-28 00:00:00',432,'416150.00'),(155,'2012-07-28 00:00:00',2426,'395000.00'),(156,'2012-07-28 00:00:00',2895,'422400.00'),(157,'2012-07-30 00:00:00',2167,'244117.00'),(158,'2012-07-30 00:00:00',2988,'246000.00'),(159,'2012-07-30 00:00:00',2845,'373204.00'),(160,'2012-07-30 00:00:00',3121,'381204.00'),(161,'2012-07-31 00:00:00',2819,'140500.00'),(162,'2012-07-30 00:00:00',2600,'250119.00'),(163,'2012-07-30 00:00:00',3302,'381204.00'),(164,'2012-07-30 00:00:00',2465,'405000.00'),(165,'2012-07-30 00:00:00',619,'661473.00'),(166,'2012-07-30 00:00:00',3317,'167859.00'),(167,'2012-07-30 00:00:00',3462,'100000.00'),(168,'2012-07-29 00:00:00',3285,'327868.00'),(169,'2012-07-31 00:00:00',3195,'571271.00'),(170,'2012-07-31 00:00:00',2478,'467707.00'),(171,'2012-07-31 00:00:00',3348,'547224.00'),(172,'2012-08-01 00:00:00',3065,'270003.00'),(173,'2012-07-31 00:00:00',2588,'423266.00'),(174,'2012-08-01 00:00:00',3015,'387158.00'),(175,'2012-08-01 00:00:00',3430,'271700.00'),(176,'2012-07-31 00:00:00',2797,'434800.00'),(177,'2012-08-01 00:00:00',3221,'402231.00'),(178,'2012-08-01 00:00:00',3221,'1.00'),(179,'2012-08-01 00:00:00',3354,'277387.00'),(180,'2012-08-01 00:00:00',3237,'280902.00'),(181,'2012-08-01 00:00:00',3166,'415000.00'),(182,'2012-08-01 00:00:00',3041,'463000.00'),(183,'2012-08-02 11:06:59',3142,'601333.00'),(184,'2012-07-27 00:00:00',3216,'225700.00'),(185,'2012-08-02 15:40:30',3343,'139547.00'),(186,'2012-08-02 00:00:00',3059,'245700.00'),(187,'2012-08-02 00:00:00',2828,'314675.00'),(188,'2012-08-02 00:00:00',3539,'310436.00'),(189,'2012-08-02 00:00:00',2056,'475154.00'),(190,'2012-08-03 00:00:00',2502,'449194.00'),(191,'2012-08-03 00:00:00',3230,'398000.00'),(192,'2012-08-03 22:58:30',3107,'426508.00'),(193,'2012-08-04 15:25:34',3571,'110974.00'),(194,'2012-08-05 15:23:14',3526,'164672.00'),(195,'2012-08-06 00:00:00',2001,'471827.00'),(196,'2012-08-06 11:24:48',2129,'439746.00'),(197,'2012-08-06 21:44:25',2965,'558895.00'),(198,'2012-08-03 00:00:00',2291,'688000.00'),(199,'2012-08-06 00:00:00',2944,'390650.00'),(200,'2012-08-08 10:59:20',1805,'693490.00'),(201,'2012-08-08 11:03:43',2622,'475948.00'),(202,'2012-08-03 00:00:00',2177,'482100.00'),(203,'2012-08-08 00:00:00',3472,'504050.00'),(204,'2012-08-09 00:00:00',1,'530000.00'),(205,'2012-08-09 00:00:00',2742,'394891.00'),(206,'2012-08-10 00:00:00',3226,'443205.00'),(207,'2012-08-10 00:00:00',3358,'601333.00'),(208,'2012-08-11 10:26:01',3148,'447105.00'),(209,'2012-08-11 00:00:00',3029,'382318.00'),(210,'2012-08-13 21:58:48',3640,'385322.00'),(211,'2012-08-10 00:00:00',2602,'146400.00'),(212,'2012-08-14 12:54:56',3435,'247894.00'),(213,'2012-08-14 00:00:00',2490,'340000.00'),(214,'2012-08-14 00:00:00',2947,'480512.00'),(215,'2012-08-14 18:26:05',3185,'398951.00'),(216,'2012-08-14 00:00:00',3056,'384400.00'),(217,'2012-08-16 07:07:26',3716,'334841.00'),(218,'2012-08-15 00:00:00',3788,'377086.00'),(219,'2012-08-16 10:12:58',2864,'417741.00'),(220,'2012-08-16 00:00:00',2759,'481398.00'),(221,'2012-08-16 00:00:00',3283,'362000.00'),(222,'2012-08-16 00:00:00',3324,'426507.00'),(223,'2012-08-16 00:00:00',3324,'2000.00'),(224,'2012-08-17 10:45:57',3738,'389440.00'),(225,'2012-08-17 14:42:54',3307,'389440.00'),(226,'2012-08-17 00:00:00',3180,'480069.00'),(227,'2012-08-17 00:00:00',2436,'476000.00'),(228,'2012-08-17 00:00:00',3205,'457000.00'),(229,'2012-08-18 11:19:46',3797,'356484.00'),(230,'2012-08-18 00:00:00',2812,'525000.00'),(231,'2012-08-19 13:10:37',2297,'420686.00'),(232,'2012-08-18 00:00:00',3663,'406000.00'),(233,'2012-08-21 10:58:33',2631,'673504.00'),(234,'2012-08-21 14:41:45',3883,'135362.00'),(235,'2012-08-21 21:53:15',3408,'613360.00'),(236,'2012-08-22 00:00:00',3259,'411581.00'),(237,'2012-08-22 00:00:00',3051,'475950.00'),(238,'2012-08-22 17:58:47',4075,'170000.00'),(239,'2012-08-23 10:26:58',3575,'419366.00'),(240,'2012-08-23 00:00:00',3481,'483000.00'),(241,'2012-08-24 00:00:00',4055,'310534.00'),(242,'2012-08-24 20:18:20',3725,'422388.00'),(243,'2012-08-25 11:02:51',3711,'613360.00'),(244,'2012-08-24 00:00:00',3153,'455350.00'),(245,'2012-08-27 00:00:00',2528,'346749.00'),(246,'2012-08-27 00:00:00',3896,'140000.00'),(247,'2012-08-27 11:00:53',3724,'277387.00'),(248,'2012-08-27 00:00:00',3465,'239882.00'),(249,'2012-08-26 00:00:00',3449,'146327.00'),(250,'2012-08-27 00:00:00',4085,'134000.00'),(251,'2012-08-27 00:00:00',2698,'607347.00'),(252,'2012-08-27 00:00:00',125,'142400.00'),(253,'2012-08-27 00:00:00',3485,'278000.00'),(254,'2012-08-27 00:00:00',3365,'412000.00'),(255,'2012-08-28 00:00:00',3707,'443000.00'),(256,'2012-08-25 00:00:00',2490,'100000.00'),(257,'2012-08-28 00:00:00',4151,'200500.00'),(258,'2012-08-28 00:00:00',3494,'405913.00'),(259,'2012-08-29 11:25:30',3461,'604777.00'),(260,'2012-08-29 13:19:57',3493,'475948.00'),(261,'2012-08-29 17:43:31',4135,'364734.00'),(262,'2012-08-30 12:05:28',3554,'600188.00'),(263,'2012-08-29 00:00:00',2490,'19300.00'),(264,'2012-08-29 00:00:00',3886,'397000.00'),(265,'2012-08-30 13:21:06',4164,'368851.00'),(266,'2012-08-30 00:00:00',3983,'307873.00'),(267,'2012-08-30 00:00:00',3868,'359253.00'),(268,'2012-08-30 22:06:50',4279,'131179.00'),(269,'2012-08-31 00:00:00',4130,'118547.00'),(270,'2012-08-30 00:00:00',3767,'0.00'),(271,'2012-08-30 00:00:00',3767,'0.00'),(272,'2012-08-30 00:00:00',3767,'438866.00'),(273,'2012-08-31 13:07:42',3814,'405163.00'),(274,'2012-08-31 14:37:29',3597,'597201.00'),(275,'2012-08-31 00:00:00',3613,'459466.00'),(276,'2012-08-31 15:55:49',3578,'405163.00'),(277,'2012-08-31 00:00:00',3452,'402100.00'),(278,'2012-08-31 00:00:00',4084,'334841.00'),(279,'2012-08-31 17:43:50',3956,'345302.00'),(280,'2012-08-31 00:00:00',3667,'433500.00'),(281,'2012-08-31 00:00:00',3498,'433466.00'),(282,'2012-09-01 17:56:00',3957,'226280.00'),(283,'2012-09-03 00:00:00',4217,'170000.00'),(284,'2012-09-03 00:00:00',3478,'412529.00'),(285,'2012-09-03 15:43:11',4424,'129933.00'),(286,'2012-09-03 16:10:01',4265,'376872.00'),(287,'2012-09-03 17:48:46',3414,'673504.00'),(288,'2012-09-03 00:00:00',3864,'438866.00'),(289,'2012-09-01 00:00:00',3703,'130000.00'),(290,'2012-09-01 00:00:00',3524,'510000.00'),(291,'2012-09-04 16:13:54',4127,'389440.00'),(292,'2012-09-04 00:00:00',3664,'420900.00'),(293,'2012-09-04 20:38:45',3624,'604777.00'),(294,'2012-09-05 08:20:09',4091,'236768.00'),(295,'2012-09-04 00:00:00',488,'715000.00'),(296,'2012-09-05 00:00:00',3787,'160700.00'),(297,'2012-09-05 13:48:23',3270,'164752.00'),(298,'2012-09-05 00:00:00',3914,'415000.00'),(299,'2012-09-03 00:00:00',3336,'456000.00'),(300,'2012-09-05 00:00:00',3899,'162000.00'),(301,'2012-08-31 00:00:00',3175,'420000.00'),(302,'2012-09-06 00:00:00',4330,'0.00'),(303,'2012-09-06 00:00:00',4330,'76550.00'),(304,'2012-09-06 00:00:00',4263,'387000.00'),(305,'2012-09-07 00:00:00',3765,'272378.00'),(306,'2012-09-08 00:00:00',3556,'480070.00'),(307,'2012-09-10 00:00:00',3800,'559485.00'),(308,'2012-09-11 00:00:00',4203,'359252.00'),(309,'2012-09-11 00:00:00',3783,'382450.00'),(310,'2012-09-11 00:00:00',4385,'292700.00'),(311,'2012-09-11 00:00:00',3859,'471850.00'),(312,'2012-09-12 11:05:47',3799,'627725.00'),(313,'2012-09-11 00:00:00',4431,'345400.00'),(314,'2012-09-12 12:41:58',4262,'418488.00'),(315,'2012-09-12 00:00:00',3758,'480954.00'),(316,'2012-09-13 12:42:36',3603,'480069.00'),(317,'2012-09-13 14:26:51',4793,'313195.00'),(318,'2012-09-13 21:32:51',4336,'149311.00'),(319,'2012-09-14 15:11:29',5006,'200000.00'),(320,'2012-09-14 00:00:00',3735,'475948.00'),(321,'2012-09-15 00:10:06',2597,'135362.00'),(322,'2012-09-15 10:01:11',4288,'411452.00'),(323,'2012-09-15 00:00:00',4317,'369716.00'),(324,'2012-09-16 00:00:00',4063,'394150.00'),(325,'2012-09-14 00:00:00',4122,'132679.40'),(326,'2012-09-13 00:00:00',2882,'278819.00'),(327,'2012-09-17 17:21:11',4536,'390750.00'),(328,'2012-09-17 20:28:09',3998,'430321.00'),(329,'2012-09-17 20:31:04',4196,'431625.00'),(330,'2012-09-17 00:00:00',4899,'138200.00'),(331,'2012-09-18 00:00:00',4727,'127500.00'),(332,'2012-09-18 00:00:00',4540,'137313.00'),(333,'2012-09-18 00:00:00',3950,'447105.00'),(334,'2012-09-19 00:00:00',4615,'127384.00'),(335,'2012-09-20 15:11:09',4757,'180607.00'),(336,'2012-09-19 00:00:00',4442,'100000.00'),(337,'2012-09-20 00:00:00',4917,'139696.00'),(338,'2012-09-21 09:21:38',4103,'405585.00'),(359,'2012-09-26 13:52:10',4505,'424030.00'),(358,'2012-09-26 00:00:00',4744,'438893.00'),(369,'2012-09-27 15:41:29',4199,'408308.00'),(343,'2012-09-21 00:00:00',4442,'293995.00'),(344,'2012-09-21 00:00:00',5009,'338350.00'),(345,'2012-09-22 00:00:00',4898,'176900.00'),(346,'2012-09-24 13:59:15',5117,'386301.00'),(347,'2012-09-24 15:00:37',4848,'386301.00'),(348,'2012-09-24 15:12:37',5295,'377086.00'),(349,'2012-09-20 00:00:00',4037,'410100.00'),(350,'2012-09-25 17:46:41',4663,'392588.00'),(351,'2012-09-25 19:31:48',4784,'418927.00'),(352,'2012-09-25 00:00:00',5255,'139547.00'),(353,'2012-09-25 00:00:00',4068,'166600.00'),(354,'2012-09-25 00:00:00',3152,'618970.00'),(355,'2012-09-26 09:07:27',4733,'190171.00'),(356,'2012-09-25 00:00:00',5425,'372968.00'),(357,'2012-09-26 00:00:00',4331,'257800.00'),(360,'2012-09-26 00:00:00',4061,'438893.00'),(361,'2012-09-26 00:00:00',4736,'254900.00'),(362,'2012-09-26 00:00:00',4729,'425919.00'),(363,'2012-09-27 00:00:00',431,'160400.00'),(364,'2012-09-27 11:32:50',4429,'350465.00'),(365,'2012-09-27 00:00:00',3952,'339000.00'),(366,'2012-09-27 00:00:00',4476,'455800.00'),(367,'2012-09-27 14:07:38',5415,'190093.00'),(368,'2012-09-27 00:00:00',4922,'393250.00'),(370,'2012-09-27 15:57:03',5375,'327868.00'),(371,'2012-09-28 09:08:07',4997,'232318.00'),(372,'2012-09-25 00:00:00',4453,'332708.00'),(373,'2012-09-27 00:00:00',5041,'414150.00'),(374,'2012-09-28 10:45:14',5202,'345302.00'),(375,'2012-09-28 00:00:00',4992,'318000.00'),(376,'2012-09-28 12:43:23',4629,'184988.00'),(377,'2012-09-27 00:00:00',3824,'483177.00'),(378,'2012-09-28 14:21:53',4469,'217782.00'),(379,'2012-09-28 00:00:00',5435,'73000.00'),(380,'2012-09-28 14:43:24',4510,'411452.00'),(381,'2012-09-28 14:57:22',4765,'389445.00'),(382,'2012-09-28 00:00:00',5628,'128450.00'),(383,'2012-09-28 21:11:14',5106,'126122.00'),(384,'2012-09-29 11:11:28',4906,'577245.00'),(385,'2012-09-29 12:20:02',4339,'446048.00'),(386,'2012-09-30 00:00:00',4459,'412000.00'),(387,'2012-10-01 07:39:21',2399,'338921.00'),(388,'2012-10-01 07:55:10',4905,'182765.00'),(389,'2012-09-28 00:00:00',4382,'476000.00'),(390,'2012-09-28 00:00:00',4069,'442620.00'),(391,'2012-09-29 00:00:00',5112,'359252.00'),(392,'2012-10-01 00:00:00',4142,'140000.00'),(393,'2012-10-01 00:00:00',5199,'119000.00'),(394,'2012-10-01 00:00:00',5479,'118000.00'),(395,'2012-09-28 00:00:00',4984,'305948.00'),(396,'2012-09-11 00:00:00',542,'100000.00'),(397,'2012-09-28 00:00:00',542,'100000.00'),(398,'2012-10-01 15:49:24',5251,'410032.00'),(399,'2012-10-01 00:00:00',5547,'66000.00'),(400,'2012-10-01 17:14:10',4661,'411452.00'),(401,'2012-10-01 00:00:00',4582,'420886.00'),(402,'2012-10-02 11:04:27',4208,'450523.00'),(403,'2012-10-02 00:00:00',4409,'382450.00'),(404,'2012-10-02 12:49:31',1727,'150000.00'),(405,'2012-10-01 00:00:00',4937,'417750.00'),(406,'2012-10-02 00:00:00',4216,'481398.00'),(407,'2012-10-02 00:00:00',3676,'149200.00'),(408,'2012-10-02 00:00:00',4083,'221195.00'),(409,'2012-10-02 00:00:00',5090,'250200.00'),(410,'2012-10-03 00:00:00',4876,'262000.00'),(411,'2012-10-03 00:00:00',5772,'212298.00'),(412,'2012-10-03 00:00:00',5087,'417750.00'),(413,'2012-10-03 17:12:33',5131,'418269.00'),(414,'2012-10-03 00:00:00',5712,'378000.00'),(415,'2012-10-04 08:36:08',5107,'562962.00'),(416,'2012-10-04 00:00:00',5577,'272600.00'),(417,'2012-10-05 06:55:38',5407,'230593.00'),(418,'2012-09-29 00:00:00',4470,'438000.00'),(419,'2012-10-04 00:00:00',5770,'365000.00'),(420,'2012-10-04 00:00:00',5403,'165303.00'),(421,'2012-10-05 00:00:00',4519,'343408.00'),(422,'2012-10-05 17:50:17',3817,'482731.00'),(423,'2012-10-06 00:00:00',5349,'422410.00'),(424,'2012-10-06 00:00:00',4823,'168847.00'),(425,'2012-10-07 19:22:43',4966,'436611.00'),(426,'2012-10-08 10:23:17',4857,'337377.00'),(427,'2012-10-03 00:00:00',4237,'170774.00'),(428,'2012-10-04 00:00:00',5186,'426550.00'),(429,'2012-10-08 00:00:00',5377,'190000.00'),(430,'2012-10-08 00:00:00',4140,'206495.00'),(431,'2012-10-08 17:59:24',5867,'358017.00'),(432,'2012-10-08 20:31:03',6120,'260255.00'),(433,'2012-10-08 00:00:00',5038,'586500.00'),(434,'2012-10-09 19:53:00',5735,'139547.00'),(435,'2012-10-09 00:00:00',4739,'275000.00'),(436,'2012-10-10 00:00:00',5758,'140000.00'),(437,'2012-10-10 21:40:37',5386,'414596.00'),(438,'2012-10-10 21:48:22',4141,'392245.00'),(439,'2012-10-11 00:00:00',4673,'481000.00'),(440,'2012-10-12 06:26:45',5450,'430627.00'),(441,'2012-10-12 10:44:49',5497,'408308.00'),(442,'2012-10-12 11:37:06',5898,'393558.00'),(443,'2012-10-12 14:59:19',5905,'367444.00'),(444,'2012-10-12 15:02:21',5790,'341815.00'),(445,'2012-10-10 00:00:00',5699,'327300.00'),(446,'2012-10-12 00:00:00',5183,'428300.00'),(447,'2012-10-12 17:06:10',6504,'360617.00'),(448,'2012-10-12 23:03:48',6186,'119355.00'),(449,'2012-10-12 23:07:33',3811,'695095.00'),(450,'2012-10-13 07:33:31',3895,'694452.00'),(451,'2012-10-13 10:30:39',5172,'393386.00'),(452,'2012-10-12 00:00:00',6356,'109800.00'),(453,'2012-10-11 00:00:00',5122,'379000.00'),(454,'2012-10-15 00:00:00',6477,'72600.00'),(455,'2012-10-16 00:00:00',5776,'238993.00'),(456,'2012-10-16 00:00:00',5683,'380015.00'),(457,'2012-10-13 00:00:00',4122,'132679.40'),(458,'2012-10-16 00:00:00',6614,'311000.00'),(459,'2012-10-16 14:51:05',5651,'430627.00'),(460,'2012-10-12 00:00:00',5902,'280250.00'),(461,'2012-10-16 00:00:00',5894,'179500.00'),(462,'2012-10-16 00:00:00',6022,'118600.00'),(463,'2012-10-17 00:00:00',4934,'450000.00'),(464,'2012-10-17 15:22:40',5694,'414596.00'),(465,'2012-10-17 15:26:30',6610,'364734.00'),(466,'2012-10-17 00:00:00',5315,'463600.00'),(467,'2012-10-17 17:07:45',5164,'141202.00'),(468,'2012-10-18 09:59:08',4923,'422608.00'),(469,'2012-10-17 00:00:00',6546,'114760.00'),(470,'2012-10-18 00:00:00',5603,'301019.00'),(471,'2012-10-18 00:00:00',6471,'382000.00'),(472,'2012-10-12 00:00:00',3827,'430000.00'),(473,'2012-10-16 00:00:00',6277,'140000.00'),(474,'2012-10-18 00:00:00',5846,'128000.00'),(475,'2012-10-18 00:00:00',5711,'133697.00'),(476,'2012-10-18 00:00:00',3272,'300000.00'),(477,'2012-10-19 15:04:08',4875,'402019.00'),(478,'2012-10-19 00:00:00',4816,'414150.00'),(479,'2012-10-19 00:00:00',6009,'139996.00'),(480,'2012-10-19 00:00:00',6678,'161500.00'),(481,'2012-10-20 00:00:00',5141,'449200.00'),(482,'2012-10-21 05:31:22',5835,'405913.00'),(483,'2012-10-22 07:19:56',4758,'103630.00'),(484,'2012-10-22 00:00:00',3505,'656230.00'),(485,'2012-10-19 00:00:00',6716,'141281.26'),(486,'2012-10-22 00:00:00',6589,'385400.00'),(487,'2012-10-22 00:00:00',5652,'459466.00'),(488,'2012-10-23 13:30:15',5886,'434746.00'),(489,'2012-10-22 00:00:00',5979,'174000.00'),(490,'2012-10-24 11:52:46',5653,'463807.00'),(491,'2012-10-17 00:00:00',6038,'383200.00'),(492,'2012-10-23 00:00:00',5606,'265700.00'),(493,'2012-10-24 00:00:00',6787,'156000.00'),(494,'2012-10-24 00:00:00',6668,'60261.00'),(495,'2012-10-24 17:28:23',5715,'405913.00'),(496,'2012-10-25 00:00:00',6531,'172000.00'),(497,'2012-10-25 00:00:00',6531,'64.00'),(498,'2012-10-25 00:00:00',5529,'305950.00'),(499,'2012-10-24 00:00:00',6056,'405170.00'),(500,'2012-10-25 00:00:00',5989,'350465.00'),(501,'2012-10-26 11:43:25',5062,'450301.00'),(502,'2012-10-26 14:59:43',6102,'466149.00'),(503,'2012-10-26 00:00:00',6591,'401800.00'),(504,'2012-10-26 00:00:00',6013,'359816.00'),(505,'2012-10-27 07:34:05',7065,'364734.00'),(506,'2012-10-27 00:00:00',6601,'405913.00'),(507,'2012-10-12 00:00:00',3643,'369171.00'),(508,'2012-10-25 00:00:00',5987,'438866.00'),(509,'2012-10-29 11:32:00',5756,'417741.00'),(510,'2012-10-29 14:34:31',5671,'438866.00'),(511,'2012-10-29 00:00:00',6128,'252470.00'),(512,'2012-10-26 00:00:00',5553,'449415.00'),(513,'2012-10-29 16:11:38',5706,'459466.00'),(514,'2012-10-29 16:35:03',5804,'241582.00'),(515,'2012-10-29 00:00:00',6797,'341815.00'),(516,'2012-10-30 07:18:30',6036,'361118.00'),(517,'2012-10-19 00:00:00',6757,'360617.00'),(518,'2012-10-29 00:00:00',6872,'116023.00'),(519,'2012-10-30 09:56:52',7093,'320895.00'),(520,'2012-10-30 00:00:00',3757,'150000.00'),(521,'2012-10-30 12:48:37',5826,'424030.00'),(522,'2012-10-30 13:09:15',6021,'438866.00'),(523,'2012-10-30 00:00:00',5728,'442986.00'),(524,'2012-10-30 13:48:27',5917,'199737.00'),(525,'2012-10-30 13:58:13',6902,'204645.00'),(526,'2012-10-30 00:00:00',6261,'421000.00'),(527,'2012-10-30 14:23:48',6905,'313842.00'),(528,'2012-10-30 19:18:41',6959,'221195.00'),(529,'2012-10-30 00:00:00',7130,'144203.00'),(530,'2012-10-30 21:15:31',7076,'79639.00'),(531,'2012-10-30 22:08:29',6202,'134960.00'),(532,'2012-10-30 00:00:00',5736,'394150.00'),(533,'2012-10-30 00:00:00',6234,'442986.00'),(534,'2012-10-31 00:00:00',5731,'480069.00'),(535,'2012-10-31 00:00:00',6708,'236768.00'),(536,'2012-10-22 00:00:00',4689,'259000.00'),(537,'2012-10-31 00:00:00',6451,'219000.00'),(538,'2012-10-31 00:00:00',6431,'354103.00'),(539,'2012-10-31 16:47:02',6447,'417741.00'),(540,'2012-10-31 00:00:00',5179,'300000.00'),(541,'2012-10-30 00:00:00',4520,'400000.00'),(542,'2012-10-31 17:31:39',6537,'414596.00'),(543,'2012-10-31 22:24:47',6742,'410032.00'),(544,'2012-10-31 22:28:54',5725,'411581.00'),(545,'2012-11-01 00:00:00',6652,'267350.00'),(546,'2012-11-01 00:00:00',5998,'420900.00'),(547,'2012-11-01 00:00:00',6889,'121100.00'),(548,'2012-11-01 00:00:00',7077,'168000.00'),(549,'2012-11-01 00:00:00',5823,'0.00'),(550,'2012-11-01 00:00:00',5823,'0.00'),(551,'2012-11-01 00:00:00',5823,'344000.00'),(552,'2012-11-02 00:00:00',6971,'341815.00'),(553,'2012-11-01 00:00:00',6140,'132685.85'),(554,'2012-11-02 00:00:00',6074,'164000.00'),(555,'2012-11-01 00:00:00',5868,'475950.00'),(556,'2012-11-02 00:00:00',7167,'134000.00'),(557,'2012-11-02 00:00:00',6184,'141000.00'),(558,'2012-11-02 00:00:00',4929,'418850.00'),(559,'2012-11-02 00:00:00',6975,'140941.00'),(560,'2012-11-02 18:15:52',7156,'113498.00'),(561,'2012-11-02 21:00:00',7160,'113498.00'),(562,'2012-11-03 09:47:38',7096,'118547.00'),(563,'2012-11-03 10:17:26',6707,'414808.00'),(564,'2012-11-03 00:00:00',6876,'406000.00'),(565,'2012-11-03 00:00:00',6991,'122000.00'),(566,'2012-11-06 00:00:00',6839,'359252.00'),(567,'2012-11-06 00:00:00',7159,'280243.00'),(568,'2012-11-06 00:00:00',5276,'449637.00'),(569,'2012-11-06 16:41:26',5763,'480512.00'),(570,'2012-10-25 00:00:00',431,'160400.00'),(571,'2012-11-01 00:00:00',5667,'455346.00'),(572,'2012-11-07 00:00:00',5256,'450550.00'),(573,'2012-11-07 15:37:27',6718,'442986.00'),(574,'2012-11-08 14:02:19',4708,'348517.00'),(575,'2012-11-07 00:00:00',7165,'140000.00'),(576,'2012-11-07 00:00:00',5717,'451500.00'),(577,'2012-11-08 00:00:00',6725,'439086.00'),(578,'2012-11-08 00:00:00',7275,'139547.00'),(579,'2012-11-08 00:00:00',7340,'381204.00'),(580,'2012-11-09 00:00:00',4480,'449200.00'),(581,'2012-11-08 00:00:00',5816,'443000.00'),(582,'2012-11-09 12:29:20',7465,'313922.00'),(583,'2012-11-09 00:00:00',6562,'459466.00'),(584,'2012-11-09 15:03:32',6582,'599193.00'),(585,'2012-11-09 00:00:00',3757,'338429.00'),(586,'2012-11-09 22:55:55',7196,'389445.00'),(587,'2012-11-10 09:18:33',7481,'367444.00'),(588,'2012-11-10 12:03:00',7381,'135362.00'),(589,'2012-11-10 14:25:11',7387,'135362.00'),(590,'2012-11-09 00:00:00',7014,'422388.00'),(591,'2012-11-09 00:00:00',6068,'476000.00'),(592,'2012-11-03 00:00:00',6064,'436000.00'),(593,'2012-11-11 00:00:00',7178,'226300.00'),(594,'2012-11-12 19:12:59',7329,'397676.00'),(595,'2012-11-10 00:00:00',6616,'463600.00'),(596,'2012-11-13 00:00:00',7491,'116023.00'),(597,'2012-11-13 13:30:12',7280,'345677.00'),(598,'2012-11-13 00:00:00',7623,'112400.00'),(599,'2012-11-28 00:00:00',457,'400000.00'),(603,'2012-11-28 00:00:00',139,'760000.00'),(602,'2012-11-28 00:00:00',131,'665835.54');

/*Table structure for table `status` */

DROP TABLE IF EXISTS `status`;

CREATE TABLE `status` (
  `id` int(11) NOT NULL AUTO_INCREMENT,
  `name` varchar(20) DEFAULT NULL,
  PRIMARY KEY (`id`)
) ENGINE=InnoDB AUTO_INCREMENT=6 DEFAULT CHARSET=latin1;

/*Data for the table `status` */

insert  into `status`(`id`,`name`) values (4,'Desembolsado'),(5,'Pagado');

/*!40101 SET SQL_MODE=@OLD_SQL_MODE */;
/*!40014 SET FOREIGN_KEY_CHECKS=@OLD_FOREIGN_KEY_CHECKS */;
/*!40014 SET UNIQUE_CHECKS=@OLD_UNIQUE_CHECKS */;
/*!40111 SET SQL_NOTES=@OLD_SQL_NOTES */;
